INSERT INTO Students (StudentID, StudentFirstNM, StudentLastNM) VALUES (1, 'Ben', 'Clothier');
INSERT INTO Students (StudentID, StudentFirstNM, StudentLastNM) VALUES (2, 'John', 'Viescas');
INSERT INTO Students (StudentID, StudentFirstNM, StudentLastNM) VALUES (3, 'Doug', 'Steele');


INSERT INTO Subjects (SubjectID, SubjectNM) VALUES (1, 'Reading');
INSERT INTO Subjects (SubjectID, SubjectNM) VALUES (2, 'Writing');
INSERT INTO Subjects (SubjectID, SubjectNM) VALUES (3, 'Arithmetic');
INSERT INTO Subjects (SubjectID, SubjectNM) VALUES (4, 'Recess');
INSERT INTO Subjects (SubjectID, SubjectNM) VALUES (5, 'Advanced SQL');
INSERT INTO Subjects (SubjectID, SubjectNM) VALUES (6, 'Zymurgy');


INSERT INTO StudentSubjects (StudentSubjectID, StudentID, SubjectID, FinalGrade) VALUES (1, 1, 1, 88.5);
INSERT INTO StudentSubjects (StudentSubjectID, StudentID, SubjectID, FinalGrade) VALUES (2, 1, 2, 87);
INSERT INTO StudentSubjects (StudentSubjectID, StudentID, SubjectID, FinalGrade) VALUES (3, 1, 3, 99);
INSERT INTO StudentSubjects (StudentSubjectID, StudentID, SubjectID, FinalGrade) VALUES (4, 1, 5, 102);
INSERT INTO StudentSubjects (StudentSubjectID, StudentID, SubjectID, FinalGrade) VALUES (5, 2, 1, 61);
INSERT INTO StudentSubjects (StudentSubjectID, StudentID, SubjectID, FinalGrade) VALUES (6, 2, 2, 92);
INSERT INTO StudentSubjects (StudentSubjectID, StudentID, SubjectID, FinalGrade) VALUES (7, 2, 3, 75);
INSERT INTO StudentSubjects (StudentSubjectID, StudentID, SubjectID, FinalGrade) VALUES (8, 2, 4, 95);
INSERT INTO StudentSubjects (StudentSubjectID, StudentID, SubjectID, FinalGrade) VALUES (9, 2, 5, 104);
INSERT INTO StudentSubjects (StudentSubjectID, StudentID, SubjectID, FinalGrade) VALUES (10, 3, 1, 60);
INSERT INTO StudentSubjects (StudentSubjectID, StudentID, SubjectID, FinalGrade) VALUES (11, 3, 2, 59);
INSERT INTO StudentSubjects (StudentSubjectID, StudentID, SubjectID, FinalGrade) VALUES (12, 3, 3, 72.3);
INSERT INTO StudentSubjects (StudentSubjectID, StudentID, SubjectID, FinalGrade) VALUES (13, 3, 4, 100);
INSERT INTO StudentSubjects (StudentSubjectID, StudentID, SubjectID, FinalGrade) VALUES (14, 3, 5, 90);
INSERT INTO StudentSubjects (StudentSubjectID, StudentID, SubjectID, FinalGrade) VALUES (15, 3, 6, 99.9);
